<!--
  ~   Copyright 2018. AppDynamics LLC and its affiliates.
  ~   All Rights Reserved.
  ~   This is unpublished proprietary source code of AppDynamics LLC and its affiliates.
  ~   The copyright notice above does not evidence any actual or intended publication of such source code.
  ~
  -->

<monitor>
    <name>zookeeper-monitor</name>
    <type>managed</type>
    <description>Zookeeper Monitoring Extension</description>
    <monitor-configuration></monitor-configuration>
    <monitor-run-task>
        <execution-style>periodic</execution-style>
        <execution-frequency-in-seconds>60</execution-frequency-in-seconds>
        <name>Zookeeper Monitor Run task</name>
        <display-name>Zookeeper Monitor Run task</display-name>
        <description>This extension monitors the configured zookeeper nodes.</description>
        <type>java</type>
        <execution-timeout-in-secs>60</execution-timeout-in-secs>
        <task-arguments>
            <!-- config file-->
            <argument name="config-file" is-required="true" default-value="monitors/ZookeeperMonitor/config.yml" />
            <argument name="metric-file" is-required="true" default-value="monitors/ZookeeperMonitor/metrics.xml" />
        </task-arguments>
        <java-task>
            <classpath>zookeeper-monitoring-extension.jar</classpath>
            <impl-class>com.appdynamics.extensions.zookeeper.ZookeeperMonitor</impl-class>
        </java-task>
    </monitor-run-task>
</monitor>